Mission_Name,Launch_Date_Normalized,Launch_Year,Decade,Country_Group,Country,Agency,Launch_Vehicle,Rocket_Family,Launch_Site,Launch_Complex,Mission_Type,Orbit_Class,Satellite_Mass_kg,Mission_Outcome,Spacecraft_Status,Estimated_Cost_USD_M,Fuel_Type,Operational_Life_Years,Notes,Launch_ID,Data_Source,Dataset_Source
Aryabhata,1975-04-19,1975.0,1970s,India,India,ISRO,C-1 Intercosmos,C-1,Kapustin Yar,,Technology/Test,LEO,360.0,Success,Decommissioned,45.0,Liquid,0.0466,India's first satellite; launched by USSR; power failure after 4 days,,,ENRICHED
Bhaskara-I,1979-06-07,1979.0,1970s,India,India,ISRO,C-1 Intercosmos,C-1,Kapustin Yar,,Earth Observation,LEO,442.0,Success,Decommissioned,60.0,,8.0,TV camera malfunctioned but other instruments worked; launched by USSR,,,ENRICHED
Rohini Technology Payload (RTP),1979-08-10,1979.0,1970s,India,India,ISRO,SLV-3,SLV-3,Satish Dhawan Space Centre,,Technology/Test,Other,35.0,Failure,Lost/Failed,17.5,Solid,3.0,SLV-3 first flight failure; satellite did not achieve orbit,,,ENRICHED
SLV-3 D1 (Rohini Technology Payload),1979-08-10,1979.0,1970s,India,IND,ISRO,SLV-3,SLV,Sriharikota,First Launch Pad,Technology/Test,LEO,,Failure,,,,,First developmental flight of SLV-3,ISRO-1979-SLV-3 D1 (,ISRO Historical Database,CLEANED_COMPLETE
Rohini RS-1,1980-07-18,1980.0,1980s,India,India,ISRO,SLV-3,SLV-3,Satish Dhawan Space Centre,,Technology/Test,LEO,35.0,Success,Decommissioned,6.0,Solid,1.5,First successful Indian launch vehicle (SLV-3); independence milestone,,,ENRICHED
SLV-3 D2 (Rohini RS-1),1980-07-18,1980.0,1980s,India,IND,ISRO,SLV-3,SLV,Sriharikota,First Launch Pad,Other,LEO,,Success,,,,,First successful Indian satellite launch,ISRO-1980-SLV-3 D2 (,ISRO Historical Database,CLEANED_COMPLETE
Rohini RS-D1,1981-05-31,1981.0,1980s,India,India,ISRO,SLV-3,SLV-3,Satish Dhawan Space Centre,,Earth Observation,LEO,38.0,Success,Other,17.5,Solid,8.0,Lower altitude than planned; orbital life only 9 days,,,ENRICHED
APPLE,1981-06-19,1981.0,1980s,India,India,ISRO,Ariane-1,Ariane-1,Guiana Space Centre,,Communication,GEO,670.0,Success,Decommissioned,100.0,Liquid,2.0,India's first experimental geostationary communication satellite,,,ENRICHED
Bhaskara-II,1981-11-20,1981.0,1980s,India,India,ISRO,C-1 Intercosmos,C-1,Kapustin Yar,,Earth Observation,LEO,444.0,Success,Decommissioned,60.0,,8.0,Remote sensing and microwave radiometry; launched by USSR,,,ENRICHED
INSAT-1A,1982-04-10,1982.0,1980s,India,India,ISRO,Delta 3910,Delta,Cape Canaveral,,Communication,Other,1152.0,Failure,Lost/Failed,100.0,Solid,,Solar sail failed to deploy; fuel exhausted; deactivated after 6 months,,,ENRICHED
Rohini RS-D2,1983-04-17,1983.0,1980s,India,India,ISRO,SLV-3,SLV-3,Satish Dhawan Space Centre,,Earth Observation,LEO,41.5,Success,Decommissioned,17.5,Solid,8.0,17-month operation with smart sensor camera,,,ENRICHED
INSAT-1B,1983-08-30,1983.0,1980s,India,India,ISRO,Space Shuttle Challenger,Space,Kennedy Space Center,,Communication,GEO,1152.0,Success,Decommissioned,100.0,Solid,10.0,Served more than designed life; first operational INSAT,,,ENRICHED
SROSS-1,1987-03-24,1987.0,1980s,India,India,ISRO,ASLV,ASLV,Satish Dhawan Space Centre,,Technology/Test,Other,150.0,Failure,Lost/Failed,60.0,Solid,3.0,First ASLV developmental launch failed; did not achieve orbit,,,ENRICHED
ASLV-D1 (SROSS-1),1987-03-24,1987.0,1980s,India,IND,ISRO,ASLV,ASLV,Sriharikota,First Launch Pad,Other,LEO,,Failure,,,,,Augmented Satellite Launch Vehicle first flight,ISRO-1987-ASLV-D1 (S,ISRO Historical Database,CLEANED_COMPLETE
IRS-1A,1988-03-17,1988.0,1980s,India,India,ISRO,Vostok-2M,Vostok-2M,Baikonur Cosmodrome,,Earth Observation,SSO,975.0,Success,Decommissioned,350.0,Liquid,5.0,First operational Indian Remote Sensing satellite; launched by USSR,,,ENRICHED
SROSS-2,1988-07-13,1988.0,1980s,India,India,ISRO,ASLV,ASLV,Satish Dhawan Space Centre,,Technology/Test,Other,150.0,Failure,Lost/Failed,60.0,Solid,3.0,Second ASLV developmental launch failed,,,ENRICHED
ASLV-D2 (SROSS-2),1988-07-13,1988.0,1980s,India,IND,ISRO,ASLV,ASLV,Sriharikota,First Launch Pad,Other,LEO,,Failure,,,,,Second ASLV flight,ISRO-1988-ASLV-D2 (S,ISRO Historical Database,CLEANED_COMPLETE
INSAT-1C,1988-07-22,1988.0,1980s,India,India,ISRO,Ariane-3,Ariane-3,Guiana Space Centre,,Communication,GEO,1190.0,Success,Other,175.0,,15.0,Power system failure cut operational life in half,,,ENRICHED
INSAT-1D,1990-06-12,1990.0,1990s,India,India,ISRO,Delta 4925,Delta,Cape Canaveral,,Communication,GEO,1292.0,Success,Decommissioned,175.0,Solid,15.0,Final INSAT first-generation; exceeded design life,,,ENRICHED
IRS-1B,1991-08-29,1991.0,1990s,India,India,ISRO,Vostok-2M,Vostok-2M,Baikonur Cosmodrome,,Earth Observation,SSO,975.0,Success,Decommissioned,175.0,Liquid,8.0,Identical to IRS-1A; continued remote sensing program,,,ENRICHED
SROSS-C,1992-05-20,1992.0,1990s,India,India,ISRO,ASLV,ASLV,Satish Dhawan Space Centre,,Other,LEO,106.0,Success,Other,60.0,Solid,7.0,Lower than planned orbit; reduced lifespan,,,ENRICHED
ASLV-D3 (SROSS-C),1992-05-20,1992.0,1990s,India,IND,ISRO,ASLV,ASLV,Sriharikota,First Launch Pad,Other,LEO,,Success,,,,,First successful ASLV flight,ISRO-1992-ASLV-D3 (S,ISRO Historical Database,CLEANED_COMPLETE
INSAT-2A,1992-07-10,1992.0,1990s,India,India,ISRO,Ariane-4,Ariane-4,Guiana Space Centre,,Communication,GEO,1906.0,Success,Decommissioned,175.0,Liquid,15.0,First indigenous second-generation INSAT,,,ENRICHED
INSAT-2B,1993-07-23,1993.0,1990s,India,India,ISRO,Ariane-4,Ariane-4,Guiana Space Centre,,Communication,GEO,1906.0,Success,Decommissioned,175.0,Liquid,15.0,C and S-band transponders; augmented INSAT-2A,,,ENRICHED
IRS-1E,1993-09-20,1993.0,1990s,India,India,ISRO,PSLV-D1,PSLV-D1,Satish Dhawan Space Centre,,Earth Observation,Other,846.0,Failure,Lost/Failed,175.0,Solid,8.0,PSLV first flight failure; 4th stage anomaly,,,ENRICHED
PSLV-D1 (IRS-1E),1993-09-20,1993.0,1990s,India,IND,ISRO,PSLV,PSLV,Sriharikota,First Launch Pad,Earth Observation,SSO,,Failure,,,,,First PSLV flight - failed to achieve orbit,ISRO-1993-PSLV-D1 (I,ISRO Historical Database,CLEANED_COMPLETE
SROSS-C2,1994-05-04,1994.0,1990s,India,India,ISRO,ASLV,ASLV,Satish Dhawan Space Centre,,Other,LEO,114.0,Success,Decommissioned,60.0,Solid,7.0,First successful ASLV launch; gamma-ray and aeronomy experiments,,,ENRICHED
ASLV-D4 (SROSS-C2),1994-05-04,1994.0,1990s,India,IND,ISRO,ASLV,ASLV,Sriharikota,First Launch Pad,Other,LEO,,Success,,,,,Last ASLV flight,ISRO-1994-ASLV-D4 (S,ISRO Historical Database,CLEANED_COMPLETE
IRS-P2,1994-10-15,1994.0,1990s,India,India,ISRO,PSLV-D2,PSLV-D2,Satish Dhawan Space Centre,,Earth Observation,SSO,804.0,Success,Decommissioned,180.0,Solid,3.0,First successful PSLV operational launch; 36m resolution,,,ENRICHED
PSLV-D2 (IRS-P2),1994-10-15,1994.0,1990s,India,IND,ISRO,PSLV,PSLV,Sriharikota,First Launch Pad,Earth Observation,SSO,,Success,,,,,First successful PSLV flight,ISRO-1994-PSLV-D2 (I,ISRO Historical Database,CLEANED_COMPLETE
INSAT-2C,1995-12-07,1995.0,1990s,India,India,ISRO,Ariane-4,Ariane-4,Guiana Space Centre,,Communication,GEO,2100.0,Success,Decommissioned,325.0,Liquid,15.0,Ku-band transponders; enhanced comms,,,ENRICHED
IRS-1C,1995-12-28,1995.0,1990s,India,India,ISRO,Molniya-M,Molniya-M,Baikonur Cosmodrome,,Earth Observation,SSO,1250.0,Success,Decommissioned,175.0,,8.0,5.8m panchromatic; advanced cameras; launched by Russia,,,ENRICHED
IRS-P3,1996-03-21,1996.0,1990s,India,India,ISRO,PSLV-D3,PSLV-D3,Satish Dhawan Space Centre,,Earth Observation,SSO,920.0,Success,Decommissioned,175.0,Solid,8.0,EO and X-ray astronomy payloads,,,ENRICHED
INSAT-2D,1997-06-04,1997.0,1990s,India,India,ISRO,Ariane-4,Ariane-4,Guiana Space Centre,,Communication,GEO,2079.0,Failure,Lost/Failed,325.0,Liquid,15.0,On-board power bus anomaly; satellite lost shortly after launch,,,ENRICHED
IRS-1D,1997-09-29,1997.0,1990s,India,India,ISRO,PSLV-C1,PSLV-C1,Satish Dhawan Space Centre,,Earth Observation,SSO,1250.0,Success,Other,175.0,Solid,8.0,Lower than planned orbit; still partly usable,,,ENRICHED
PSLV-D3 (IRS-1D),1997-09-29,1997.0,1990s,India,IND,ISRO,PSLV,PSLV,Sriharikota,First Launch Pad,Earth Observation,SSO,,Success,,,,,Third PSLV mission,ISRO-1997-PSLV-D3 (I,ISRO Historical Database,CLEANED_COMPLETE
INSAT-2E,1999-04-03,1999.0,1990s,India,India,ISRO,Ariane-4,Ariane-4,Guiana Space Centre,,Communication,GEO,2550.0,Success,Decommissioned,325.0,Liquid,15.0,C and Ku-band; meteorological payload,,,ENRICHED
Oceansat-1 (IRS-P4),1999-05-26,1999.0,1990s,India,India,ISRO,PSLV-C2,PSLV-C2,Satish Dhawan Space Centre,,Earth Observation,SSO,1050.0,Success,Decommissioned,125.0,Solid,5.0,First Indian oceanographic satellite; ocean color monitor,,,ENRICHED
INSAT-3B,2000-03-22,2000.0,2000s,India,India,ISRO,Ariane-5,Ariane-5,Guiana Space Centre,,Communication,GEO,2070.0,Success,Decommissioned,325.0,Solid,15.0,Augmented INSAT comms; S-band mobile satellite services,,,ENRICHED
GSAT-1,2001-04-18,2001.0,2000s,India,India,ISRO,GSLV-D1,GSLV-D1,Satish Dhawan Space Centre,,Technology/Test,Other,1530.0,Success,Decommissioned,320.0,Liquid,,GSLV first flight; cryogenic underperformance; wrong orbit,,,ENRICHED
GSLV-D1 (GSAT-1),2001-04-18,2001.0,2000s,India,IND,ISRO,GSLV Mk I,GSLV Mk I,Sriharikota,First Launch Pad,Communication,GTO,,Failure,,,,,First GSLV flight - partial failure,ISRO-2001-GSLV-D1 (G,ISRO Historical Database,CLEANED_COMPLETE
Technology Experiment Satellite (TES),2001-10-22,2001.0,2000s,India,India,ISRO,PSLV-C3,PSLV-C3,Satish Dhawan Space Centre,,Earth Observation,SSO,1108.0,Success,Decommissioned,80.0,Solid,4.0,1m panchromatic; tested tech for reconnaissance satellites,,,ENRICHED
INSAT-3C,2002-01-24,2002.0,2000s,India,India,ISRO,Ariane-4,Ariane-4,Guiana Space Centre,,Communication,GEO,2750.0,Success,Decommissioned,325.0,Liquid,15.0,Voice video and data services; 24 transponders,,,ENRICHED
KALPANA-1 (METSAT),2002-09-12,2002.0,2000s,India,India,ISRO,PSLV-C4,PSLV-C4,Satish Dhawan Space Centre,,Weather/Meteorology,Other,1060.0,Success,Decommissioned,100.0,Solid,5.0,First Indian dedicated meteorological satellite; named after Kalpana Chawla,,,ENRICHED
INSAT-3A,2003-04-10,2003.0,2000s,India,India,ISRO,Ariane-5,Ariane-5,Guiana Space Centre,,Communication,GEO,2950.0,Success,Decommissioned,1500.0,Liquid,10.0,Telecom TV and meteorological services; 12 C-band + 6 Ku-band,,,ENRICHED
GSAT-2,2003-05-08,2003.0,2000s,India,India,ISRO,GSLV-D2,GSLV-D2,Satish Dhawan Space Centre,,Technology/Test,GTO,1825.0,Success,Decommissioned,175.0,Liquid,3.0,Experimental satellite for new communication technologies,,,ENRICHED
GSLV-D2 (GSAT-2),2003-05-08,2003.0,2000s,India,IND,ISRO,GSLV Mk I,GSLV Mk I,Sriharikota,First Launch Pad,Communication,GTO,,Failure,,,,,Second GSLV flight - failed,ISRO-2003-GSLV-D2 (G,ISRO Historical Database,CLEANED_COMPLETE
INSAT-3E,2003-09-28,2003.0,2000s,India,India,ISRO,Ariane-5,Ariane-5,Guiana Space Centre,,Communication,GEO,2775.0,Success,Decommissioned,325.0,Solid,15.0,24 C-band transponders; exclusive communications,,,ENRICHED
RESOURCESAT-1 (IRS-P6),2003-10-17,2003.0,2000s,India,India,ISRO,PSLV-C5,PSLV-C5,Satish Dhawan Space Centre,,Earth Observation,SSO,1360.0,Success,Decommissioned,120.0,Solid,11.0,Agriculture disaster management and land use; 3 cameras,,,ENRICHED
PSLV-C3 (IRS-P6/Resourcesat-1),2003-10-17,2003.0,2000s,India,IND,ISRO,PSLV,PSLV,Sriharikota,First Launch Pad,Earth Observation,SSO,,Success,,,,,Resourcesat-1 mission,ISRO-2003-PSLV-C3 (I,ISRO Historical Database,CLEANED_COMPLETE
EDUSAT (GSAT-3),2004-09-20,2004.0,2000s,India,India,ISRO,GSLV-F01,GSLV-F01,Satish Dhawan Space Centre,,Communication,GTO,1950.0,Success,Decommissioned,280.0,Liquid,10.0,First satellite exclusively for education sector; 12 Ku-band transponders,,,ENRICHED
GSLV-F01 (GSAT-3/EDUSAT),2004-09-20,2004.0,2000s,India,IND,ISRO,GSLV Mk I,GSLV Mk I,Sriharikota,First Launch Pad,Communication,GTO,,Success,,,,,First successful GSLV mission,ISRO-2004-GSLV-F01 (,ISRO Historical Database,CLEANED_COMPLETE
HAMSAT,2005-05-05,2005.0,2000s,India,India,ISRO,PSLV-C6,PSLV-C6,Satish Dhawan Space Centre,,Other,SSO,42.5,Success,Decommissioned,17.5,Solid,7.0,Microsatellite for amateur radio; V/UHF transponder,,,ENRICHED
CARTOSAT-1,2005-05-05,2005.0,2000s,India,India,ISRO,PSLV-C6,PSLV-C6,Satish Dhawan Space Centre,,Earth Observation,SSO,1560.0,Success,Decommissioned,175.0,Solid,8.0,2.5m stereo imagery for cartographic applications,,,ENRICHED
PSLV-C5 (Cartosat-1),2005-05-05,2005.0,2000s,India,IND,ISRO,PSLV,PSLV,Sriharikota,First Launch Pad,Earth Observation,SSO,,Success,,,,,Cartosat-1 stereoscopic imaging satellite,ISRO-2005-PSLV-C5 (C,ISRO Historical Database,CLEANED_COMPLETE
INSAT-4A,2005-12-22,2005.0,2000s,India,India,ISRO,Ariane-5,Ariane-5,Guiana Space Centre,,Communication,GTO,3081.0,Success,Decommissioned,325.0,Solid,15.0,First INSAT-4; DTH television; 12 Ku-band transponders,,,ENRICHED
SRE-1,2007-01-10,2007.0,2000s,India,India,ISRO,PSLV-C7,PSLV-C7,Satish Dhawan Space Centre,,Technology/Test,LEO,550.0,Success,Other,25.0,Solid,0.0329,Experimental reentry capsule; successfully recovered in Bay of Bengal,,,ENRICHED
CARTOSAT-2,2007-01-10,2007.0,2000s,India,India,ISRO,PSLV-C7,PSLV-C7,Satish Dhawan Space Centre,,Earth Observation,SSO,680.0,Success,Active,85.0,Solid,16.0,0.8m panchromatic; sub-meter Indian EO; defense and civilian use,,,ENRICHED
PSLV-C6 (Cartosat-2),2007-01-10,2007.0,2000s,India,IND,ISRO,PSLV,PSLV,Sriharikota,First Launch Pad,Earth Observation,SSO,,Success,,,,,Cartosat-2 with Indonesian satellite,ISRO-2007-PSLV-C6 (C,ISRO Historical Database,CLEANED_COMPLETE
INSAT-4B,2007-03-12,2007.0,2000s,India,India,ISRO,Ariane-5,Ariane-5,Guiana Space Centre,,Communication,GTO,3028.0,Success,Other,325.0,Solid,15.0,Power anomaly 2010 reduced capacity to 50%,,,ENRICHED
INSAT-4CR,2007-09-02,2007.0,2000s,India,India,ISRO,GSLV-F04,GSLV-F04,Satish Dhawan Space Centre,,Communication,GTO,2140.0,Success,Other,325.0,Liquid,15.0,Lower orbit than planned; reduced mission life,,,ENRICHED
CARTOSAT-2A,2008-04-28,2008.0,2000s,India,India,ISRO,PSLV-C9,PSLV-C9,Satish Dhawan Space Centre,,Earth Observation,SSO,690.0,Success,Decommissioned,175.0,Solid,8.0,Dedicated Indian Armed Forces reconnaissance satellite,,,ENRICHED
IMS-1,2008-04-28,2008.0,2000s,India,India,ISRO,PSLV-C9,PSLV-C9,Satish Dhawan Space Centre,,Earth Observation,SSO,83.0,Success,Decommissioned,17.5,Solid,8.0,Low-cost microsatellite for remote sensing,,,ENRICHED
Chandrayaan-1,2008-10-22,2008.0,2000s,India,India,ISRO,PSLV-C11,PSLV-C11,Satish Dhawan Space Centre,,Lunar Exploration,Lunar,1380.0,Success,Decommissioned,79.0,Solid,0.8548,India's first Moon probe; confirmed water molecules on Moon,,,ENRICHED
PSLV-C11 (Chandrayaan-1),2008-10-22,2008.0,2000s,India,IND,ISRO,PSLV-XL,PSLV,Sriharikota,First Launch Pad,Lunar Exploration,Lunar,,Success,,,,,India first lunar mission - discovered water on Moon,ISRO-2008-PSLV-C11 (,ISRO Historical Database,CLEANED_COMPLETE
RISAT-2,2009-04-20,2009.0,2000s,India,India,ISRO,PSLV-C12,PSLV-C12,Satish Dhawan Space Centre,,Earth Observation,LEO,300.0,Success,Decommissioned,130.0,Solid,5.0,SAR for surveillance and disaster; procured Israeli antenna,,,ENRICHED
Oceansat-2,2009-09-23,2009.0,2000s,India,India,ISRO,PSLV-C14,PSLV-C14,Satish Dhawan Space Centre,,Other,SSO,960.0,Success,Decommissioned,175.0,Solid,7.0,Ocean color and wind vector measurements,,,ENRICHED
GSAT-4,2010-04-15,2010.0,2010s,India,India,ISRO,GSLV-D3,GSLV-D3,Satish Dhawan Space Centre,,Communication,Other,2220.0,Failure,Lost/Failed,325.0,Liquid,15.0,Indigenous cryo stage failed to ignite; satellite lost,,,ENRICHED
CARTOSAT-2B,2010-07-12,2010.0,2010s,India,India,ISRO,PSLV-C15,PSLV-C15,Satish Dhawan Space Centre,,Earth Observation,SSO,690.0,Success,Decommissioned,175.0,Solid,8.0,Sub-meter EO satellite; high-resolution panchromatic,,,ENRICHED
GSAT-5P,2010-12-25,2010.0,2010s,India,India,ISRO,GSLV-F06,GSLV-F06,Satish Dhawan Space Centre,,Communication,Other,2310.0,Failure,Lost/Failed,325.0,Liquid,15.0,GSLV second stage failure; payload lost,,,ENRICHED
Resourcesat-2,2011-04-20,2011.0,2010s,India,India,ISRO,PSLV-C16,PSLV-C16,Satish Dhawan Space Centre,,Earth Observation,SSO,1206.0,Success,Decommissioned,175.0,Solid,8.0,Follow-on to Resourcesat-1; LISS-3 LISS-4 AWiFS cameras,,,ENRICHED
GSAT-8,2011-05-21,2011.0,2010s,India,India,ISRO,Ariane-5,Ariane-5,Guiana Space Centre,,Communication,GTO,3093.0,Success,Active,1500.0,Liquid,12.0,High-power Ku-band; GAGAN air navigation payload (GPS augment),,,ENRICHED
GSAT-12,2011-07-15,2011.0,2010s,India,India,ISRO,PSLV-C17,PSLV-C17,Satish Dhawan Space Centre,,Communication,GTO,1410.0,Success,Decommissioned,175.0,Solid,15.0,12 C-band transponders; augmented INSAT/GSAT capacity,,,ENRICHED
Megha-Tropiques,2011-10-12,2011.0,2010s,India,India,ISRO,PSLV-C18,PSLV-C18,Satish Dhawan Space Centre,,Weather/Meteorology,Other,1000.0,Success,Decommissioned,175.0,Solid,10.0,Joint ISRO-CNES; tropical water cycle and energy; unique tropical orbit,,,ENRICHED
RISAT-1,2012-04-26,2012.0,2010s,India,India,ISRO,PSLV-C19,PSLV-C19,Satish Dhawan Space Centre,,Earth Observation,SSO,1858.0,Success,Decommissioned,200.0,Solid,3.0,First fully indigenous SAR satellite; all-weather capability,,,ENRICHED
GSAT-10,2012-09-29,2012.0,2010s,India,India,ISRO,Ariane-5,Ariane-5,Guiana Space Centre,,Communication,GTO,3400.0,Success,Decommissioned,325.0,Solid,15.0,GAGAN navigation payload; 30 transponders,,,ENRICHED
SARAL,2013-02-25,2013.0,2010s,India,India,ISRO,PSLV-C20,PSLV-C20,Satish Dhawan Space Centre,,Other,SSO,407.0,Success,Decommissioned,60.0,Solid,7.0,Joint ISRO-CNES; Ka-band altimeter for ocean wave height,,,ENRICHED
IRNSS-1A,2013-07-01,2013.0,2010s,India,India,ISRO,PSLV-C22,PSLV-C22,Satish Dhawan Space Centre,,Navigation,GTO,1380.0,Success,Active,200.0,Solid,,First NavIC navigation satellite; atomic clock (later failed),,,ENRICHED
PSLV-C22 (IRNSS-1A),2013-07-01,2013.0,2010s,India,IND,ISRO,PSLV-XL,PSLV,Sriharikota,First Launch Pad,Navigation,GEO,,Success,,,,,First Indian Regional Navigation Satellite,ISRO-2013-PSLV-C22 (,ISRO Historical Database,CLEANED_COMPLETE
GSAT-7,2013-08-30,2013.0,2010s,India,India,ISRO,Ariane-5,Ariane-5,Guiana Space Centre,,Military/Reconnaissance,GTO,2650.0,Success,Active,1500.0,Liquid,12.0,Navy communications satellite; UHF/C/S/Ku bands,,,ENRICHED
Mars Orbiter Mission (MOM/Mangalyaan),2013-11-05,2013.0,2010s,India,India,ISRO,PSLV-C25,PSLV-C25,Satish Dhawan Space Centre,,Planetary Science,Mars/Interplanetary,1350.0,Success,Decommissioned,,Solid,7.0,India's first interplanetary mission; first-attempt Mars success; cheapest Mars mission ($74M),,,ENRICHED
PSLV-C25 (Mars Orbiter Mission/Mangalyaan),2013-11-05,2013.0,2010s,India,IND,ISRO,PSLV-XL,PSLV,Sriharikota,First Launch Pad,Planetary Science,Mars/Interplanetary,,Success,,,,,India first interplanetary mission - first Asian nation to reach Mars orbit,ISRO-2013-PSLV-C25 (,ISRO Historical Database,CLEANED_COMPLETE
GSAT-14,2014-01-05,2014.0,2010s,India,India,ISRO,GSLV-D5,GSLV-D5,Satish Dhawan Space Centre,,Communication,GTO,1982.0,Success,Active,280.0,Liquid,10.0,First GSLV success with indigenous cryo stage; Ku and C-band,,,ENRICHED
IRNSS-1B,2014-04-04,2014.0,2010s,India,India,ISRO,PSLV-C24,PSLV-C24,Satish Dhawan Space Centre,,Navigation,GTO,1432.0,Success,Decommissioned,175.0,Solid,12.0,Second NavIC satellite; inclined geosynchronous orbit,,,ENRICHED
IRNSS-1C,2014-10-16,2014.0,2010s,India,India,ISRO,PSLV-C26,PSLV-C26,Satish Dhawan Space Centre,,Navigation,GTO,1425.0,Success,Decommissioned,175.0,Solid,12.0,Third NavIC satellite; geostationary,,,ENRICHED
IRNSS-1D,2015-03-28,2015.0,2010s,India,India,ISRO,PSLV-C27,PSLV-C27,Satish Dhawan Space Centre,,Navigation,GTO,1425.0,Success,Decommissioned,175.0,Solid,12.0,Fourth NavIC satellite; inclined GSO,,,ENRICHED
GSAT-6,2015-08-27,2015.0,2010s,India,India,ISRO,GSLV-D6,GSLV-D6,Satish Dhawan Space Centre,,Communication,GTO,2117.0,Success,Decommissioned,325.0,Liquid,15.0,S-band military comms; 6m unfurlable antenna,,,ENRICHED
Astrosat,2015-09-28,2015.0,2010s,India,India,ISRO,PSLV-C30,PSLV-C30,Satish Dhawan Space Centre,,Other,LEO,1513.0,Success,Decommissioned,175.0,Solid,7.0,India's first dedicated astronomy satellite; UV X-ray multiwavelength,,,ENRICHED
IRNSS-1E,2016-01-20,2016.0,2010s,India,India,ISRO,PSLV-C31,PSLV-C31,Satish Dhawan Space Centre,,Navigation,GTO,1425.0,Success,Decommissioned,175.0,Solid,12.0,Fifth NavIC satellite; inclined GSO,,,ENRICHED
IRNSS-1F,2016-03-10,2016.0,2010s,India,India,ISRO,PSLV-C32,PSLV-C32,Satish Dhawan Space Centre,,Navigation,GTO,1425.0,Success,Decommissioned,175.0,Solid,12.0,Sixth NavIC satellite; geostationary,,,ENRICHED
IRNSS-1G,2016-04-28,2016.0,2010s,India,India,ISRO,PSLV-C33,PSLV-C33,Satish Dhawan Space Centre,,Navigation,GTO,1425.0,Success,Decommissioned,175.0,Solid,12.0,Seventh satellite; completes NavIC 7-sat constellation,,,ENRICHED
Cartosat-2C,2016-06-22,2016.0,2010s,India,India,ISRO,PSLV-C34,PSLV-C34,Satish Dhawan Space Centre,,Earth Observation,SSO,727.0,Success,Decommissioned,175.0,Solid,8.0,0.65m resolution; military and civilian use,,,ENRICHED
SCATSAT-1,2016-09-26,2016.0,2010s,India,India,ISRO,PSLV-C35,PSLV-C35,Satish Dhawan Space Centre,,Other,SSO,371.0,Success,Decommissioned,60.0,Solid,7.0,Scatterometer for ocean wind vectors; Oceansat-2 continuity,,,ENRICHED
GSAT-18,2016-10-06,2016.0,2010s,India,India,ISRO,Ariane-5,Ariane-5,Guiana Space Centre,,Communication,GTO,3404.0,Success,Decommissioned,325.0,Solid,15.0,C and Ku-band DTH and broadband transponders,,,ENRICHED
Resourcesat-2A,2016-12-07,2016.0,2010s,India,India,ISRO,PSLV-C36,PSLV-C36,Satish Dhawan Space Centre,,Earth Observation,SSO,1235.0,Success,Decommissioned,175.0,Solid,8.0,3 cameras LISS-3 LISS-4 AWiFS; agriculture and forests,,,ENRICHED
Cartosat-2 Series Satellite (2D),2017-02-15,2017.0,2010s,India,India,ISRO,PSLV-C37,PSLV-C37,Satish Dhawan Space Centre,,Earth Observation,SSO,714.0,Success,Decommissioned,175.0,Solid,8.0,World record: 104 satellites launched in single mission primary sat,,,ENRICHED
PSLV-C37 (Cartosat-2D + 103 satellites),2017-02-15,2017.0,2010s,India,IND,ISRO,PSLV-XL,PSLV,Sriharikota,First Launch Pad,Earth Observation,SSO,,Success,,,,,World record - 104 satellites in single launch,ISRO-2017-PSLV-C37 (,ISRO Historical Database,CLEANED_COMPLETE
GSAT-9 / South Asia Satellite,2017-05-05,2017.0,2010s,India,India,ISRO,GSLV-F09,GSLV-F09,Satish Dhawan Space Centre,,Communication,GTO,2230.0,Success,Decommissioned,325.0,Liquid,15.0,Gifted by India to SAARC nations; 12 Ku-band transponders,,,ENRICHED
GSAT-19,2017-06-05,2017.0,2010s,India,India,ISRO,GSLV MkIII-D1,GSLV,Satish Dhawan Space Centre,,Communication,GTO,3136.0,Success,Active,450.0,Liquid,,First GSLV MkIII flight; Ka and Ku-band high-throughput,,,ENRICHED
GSLV Mk III-D1 (GSAT-19),2017-06-05,2017.0,2010s,India,IND,ISRO,GSLV Mk III,GSLV Mk III,Sriharikota,First Launch Pad,Communication,GTO,,Success,,,,,First orbital flight of GSLV Mk III,ISRO-2017-GSLV Mk II,ISRO Historical Database,CLEANED_COMPLETE
Cartosat-2 Series Satellite (2E),2017-06-23,2017.0,2010s,India,India,ISRO,PSLV-C38,PSLV-C38,Satish Dhawan Space Centre,,Earth Observation,SSO,712.0,Success,Decommissioned,175.0,Solid,8.0,High-resolution panchromatic; sub-meter imaging,,,ENRICHED
GSAT-17,2017-06-29,2017.0,2010s,India,India,ISRO,Ariane-5,Ariane-5,Guiana Space Centre,,Communication,GTO,3477.0,Success,Decommissioned,325.0,Solid,15.0,C-band + S-band; satellite-aided search and rescue,,,ENRICHED
IRNSS-1H,2017-08-31,2017.0,2010s,India,India,ISRO,PSLV-C39,PSLV-C39,Satish Dhawan Space Centre,,Navigation,Other,1425.0,Failure,Lost/Failed,175.0,Solid,12.0,Payload fairing failed to separate; satellite trapped inside rocket,,,ENRICHED
GSAT-6A,2018-03-29,2018.0,2010s,India,India,ISRO,GSLV-F08,GSLV-F08,Satish Dhawan Space Centre,,Communication,GTO,2140.0,Success,Other,325.0,Liquid,15.0,Communication lost two days after launch during firing,,,ENRICHED
GSLV-F08 (GSAT-6A),2018-03-29,2018.0,2010s,India,IND,ISRO,GSLV Mk II,GSLV Mk II,Sriharikota,First Launch Pad,Communication,GTO,,Failure,,,,,Communication satellite - lost contact after launch,ISRO-2018-GSLV-F08 (,ISRO Historical Database,CLEANED_COMPLETE
IRNSS-1I,2018-04-12,2018.0,2010s,India,India,ISRO,PSLV-C41,PSLV-C41,Satish Dhawan Space Centre,,Navigation,Other,1425.0,Success,Decommissioned,175.0,Solid,12.0,Replacement for failed IRNSS-1A; upgraded atomic clock,,,ENRICHED
GSLV-F05 (IRNSS-1I),2018-04-12,2018.0,2010s,India,IND,ISRO,GSLV Mk II,GSLV Mk II,Sriharikota,First Launch Pad,Navigation,GEO,,Success,,,,,NavIC constellation satellite,ISRO-2018-GSLV-F05 (,ISRO Historical Database,CLEANED_COMPLETE
GSAT-29,2018-11-14,2018.0,2010s,India,India,ISRO,GSLV MkIII-D2,GSLV,Satish Dhawan Space Centre,,Communication,GTO,3423.0,Success,Decommissioned,325.0,Liquid,15.0,High-throughput Ka+Ku-band; remote area connectivity,,,ENRICHED
GSLV Mk III-D2 (GSAT-29),2018-11-14,2018.0,2010s,India,IND,ISRO,GSLV Mk III,GSLV Mk III,Sriharikota,First Launch Pad,Communication,GTO,,Success,,,,,Second GSLV Mk III mission,ISRO-2018-GSLV Mk II,ISRO Historical Database,CLEANED_COMPLETE
HysIS,2018-11-29,2018.0,2010s,India,India,ISRO,PSLV-C43,PSLV-C43,Satish Dhawan Space Centre,,Earth Observation,SSO,380.0,Success,Decommissioned,60.0,Solid,8.0,Hyperspectral Imaging Satellite; 55-band UV to NIR imaging,,,ENRICHED
GSAT-11,2018-12-05,2018.0,2010s,India,India,ISRO,Ariane-5,Ariane-5,Guiana Space Centre,,Communication,GTO,5854.0,Success,Active,,Liquid,,Heaviest ISRO satellite; 14 Gbps capacity; high-speed internet,,,ENRICHED
GSAT-7A,2018-12-19,2018.0,2010s,India,India,ISRO,GSLV-F11,GSLV-F11,Satish Dhawan Space Centre,,Communication,GTO,2250.0,Success,Decommissioned,325.0,Liquid,15.0,Ku-band military comms for Indian Air Force,,,ENRICHED
Microsat-R,2019-01-24,2019.0,2010s,India,India,ISRO,PSLV-C44,PSLV-C44,Satish Dhawan Space Centre,,Technology/Test,LEO,740.0,Success,Decommissioned,175.0,Solid,3.0,Imaging satellite; ASAT missile test target (Mission Shakti),,,ENRICHED
GSAT-31,2019-02-06,2019.0,2010s,India,India,ISRO,Ariane-5,Ariane-5,Guiana Space Centre,,Communication,GTO,2536.0,Success,Decommissioned,325.0,Solid,15.0,Continuation of INSAT-4CR telecom services,,,ENRICHED
EMISAT,2019-04-01,2019.0,2010s,India,India,ISRO,PSLV-C45,PSLV-C45,Satish Dhawan Space Centre,,Other,SSO,436.0,Success,Decommissioned,60.0,Solid,7.0,ELINT satellite for DRDO; electromagnetic monitoring,,,ENRICHED
RISAT-2B,2019-05-22,2019.0,2010s,India,India,ISRO,PSLV-C46,PSLV-C46,Satish Dhawan Space Centre,,Earth Observation,LEO,615.0,Success,Decommissioned,175.0,Solid,8.0,SAR for all-weather surveillance; X-band radar,,,ENRICHED
Chandrayaan-2,2019-07-22,2019.0,2010s,India,India,ISRO,GSLV MkIII-M1,GSLV,Satish Dhawan Space Centre,,Lunar Exploration,Lunar,3850.0,Success,Active,,Liquid,,Orbiter operational; Vikram lander and Pragyan rover failed on landing Sep 6 2019,,,ENRICHED
GSLV Mk III-M1 (Chandrayaan-2),2019-07-22,2019.0,2010s,India,IND,ISRO,GSLV Mk III,GSLV Mk III,Sriharikota,First Launch Pad,Lunar Exploration,Lunar,,Success,,,,,"Lunar mission - orbiter successful, lander crash-landed",ISRO-2019-GSLV Mk II,ISRO Historical Database,CLEANED_COMPLETE
Cartosat-3,2019-11-27,2019.0,2010s,India,India,ISRO,PSLV-C47,PSLV-C47,Satish Dhawan Space Centre,,Earth Observation,SSO,1625.0,Success,Decommissioned,175.0,Solid,8.0,0.28m resolution; best Indian EO satellite; triband,,,ENRICHED
RISAT-2BR1,2019-12-11,2019.0,2010s,India,India,ISRO,PSLV-C48,PSLV-C48,Satish Dhawan Space Centre,,Earth Observation,LEO,628.0,Success,Decommissioned,175.0,Solid,8.0,X-band SAR for all-weather surveillance,,,ENRICHED
GSAT-30,2020-01-17,2020.0,2020s,India,India,ISRO,Ariane-5,Ariane-5,Guiana Space Centre,,Communication,GTO,3357.0,Success,Active,325.0,Solid,15.0,Replaces INSAT-4A; C and Ku-band; 15-year life,,,ENRICHED
EOS-01,2020-11-07,2020.0,2020s,India,India,ISRO,PSLV-C49,PSLV-C49,Satish Dhawan Space Centre,,Earth Observation,LEO,630.0,Success,Active,80.0,Solid,5.0,SAR Radar Imaging (RISAT-2BR2); all-weather,,,ENRICHED
CMS-01,2020-12-17,2020.0,2020s,India,India,ISRO,PSLV-C50,PSLV-C50,Satish Dhawan Space Centre,,Communication,GTO,1410.0,Success,Active,175.0,Solid,15.0,Replaces GSAT-12; extended C-band,,,ENRICHED
PSLV-C51 (Amazonia-1),2021-02-28,2021.0,2020s,India,IND,ISRO,PSLV,PSLV,Sriharikota,First Launch Pad,Earth Observation,SSO,,Success,,,,,Brazilian satellite with 18 co-passengers,ISRO-2021-PSLV-C51 (,ISRO Historical Database,CLEANED_COMPLETE
EOS-03,2021-08-12,2021.0,2020s,India,India,ISRO,GSLV-F10,GSLV-F10,Satish Dhawan Space Centre,,Earth Observation,Other,2268.0,Failure,Lost/Failed,325.0,Liquid,8.0,Cryogenic upper stage anomaly; payload lost,,,ENRICHED
EOS-04 (RISAT-1A),2022-02-14,2022.0,2020s,India,India,ISRO,PSLV-C52,PSLV-C52,Satish Dhawan Space Centre,,Earth Observation,SSO,1710.0,Success,Active,175.0,Solid,8.0,SAR satellite; high-quality all-weather imagery,,,ENRICHED
PSLV-C52 (EOS-04),2022-02-14,2022.0,2020s,India,IND,ISRO,PSLV-XL,PSLV,Sriharikota,First Launch Pad,Earth Observation,SSO,,Success,,,,,Radar imaging satellite,ISRO-2022-PSLV-C52 (,ISRO Historical Database,CLEANED_COMPLETE
GSAT-24,2022-06-23,2022.0,2020s,India,India,ISRO,Ariane-5,Ariane-5,Guiana Space Centre,,Communication,GTO,4180.0,Success,Active,950.0,Solid,15.0,Dedicated DTH; Ka and Ku-band; first NSIL commercial GEO,,,ENRICHED
DS-EO,2022-06-30,2022.0,2020s,India,India,ISRO,PSLV-C53,PSLV-C53,Satish Dhawan Space Centre,,Earth Observation,LEO,365.0,Success,Active,60.0,Solid,8.0,Commercial primary payload from Singapore for NSIL,,,ENRICHED
PSLV-C53 (DS-EO + 2 satellites),2022-06-30,2022.0,2020s,India,IND,ISRO,PSLV,PSLV,Sriharikota,First Launch Pad,Earth Observation,SSO,,Success,,,,,Commercial mission for Singapore,ISRO-2022-PSLV-C53 (,ISRO Historical Database,CLEANED_COMPLETE
EOS-02,2022-08-07,2022.0,2020s,India,India,ISRO,SSLV-D1,SSLV-D1,Satish Dhawan Space Centre,,Earth Observation,Other,135.0,Failure,Lost/Failed,60.0,Solid,8.0,SSLV first flight failure; wrong orbit; unusable,,,ENRICHED
SSLV-D1 (EOS-02),2022-08-07,2022.0,2020s,India,IND,ISRO,SSLV,SSLV,Sriharikota,First Launch Pad,Earth Observation,LEO,,Failure,,,,,First Small Satellite Launch Vehicle flight - failed,ISRO-2022-SSLV-D1 (E,ISRO Historical Database,CLEANED_COMPLETE
Vikram-S,2022-11-18,2022.0,2020s,India,India,ISRO,Vikram-S,Vikram-S,Satish Dhawan Space Centre,,Technology/Test,Suborbital,545.0,Success,Other,45.0,Solid,2.9e-05,Mission Prarambh; first private Indian rocket; Skyroot Aerospace,,,ENRICHED
EOS-06 (Oceansat-3),2022-11-26,2022.0,2020s,India,India,ISRO,PSLV-C54,PSLV-C54,Satish Dhawan Space Centre,,Other,SSO,1117.0,Success,Active,175.0,Solid,7.0,Oceansat continuity; 3 instruments; chlorophyll and SST,,,ENRICHED
PSLV-C54 (EOS-06),2022-11-26,2022.0,2020s,India,IND,ISRO,PSLV-XL,PSLV,Sriharikota,First Launch Pad,Earth Observation,SSO,,Success,,,,,Oceansat-3 mission,ISRO-2022-PSLV-C54 (,ISRO Historical Database,CLEANED_COMPLETE
EOS-07,2023-02-10,2023.0,2020s,India,India,ISRO,SSLV-D2,SSLV-D2,Satish Dhawan Space Centre,,Earth Observation,LEO,156.3,Success,Active,30.0,Solid,2.0,First successful SSLV flight; MWIR and sub-GHz imager,,,ENRICHED
SSLV-D2 (EOS-07),2023-02-10,2023.0,2020s,India,IND,ISRO,SSLV,SSLV,Sriharikota,First Launch Pad,Earth Observation,LEO,,Success,,,,,Second SSLV flight - successful,ISRO-2023-SSLV-D2 (E,ISRO Historical Database,CLEANED_COMPLETE
PSLV-C55 (TeLEOS-2),2023-04-22,2023.0,2020s,India,IND,ISRO,PSLV,PSLV,Sriharikota,First Launch Pad,Earth Observation,LEO,,Success,,,,,Singapore satellite mission,ISRO-2023-PSLV-C55 (,ISRO Historical Database,CLEANED_COMPLETE
NVS-01,2023-05-29,2023.0,2020s,India,India,ISRO,GSLV-F12,GSLV-F12,Satish Dhawan Space Centre,,Navigation,GTO,2232.0,Success,Active,350.0,Liquid,,First second-gen NavIC with indigenous atomic clock; Nav upgrade,,,ENRICHED
Chandrayaan-3,2023-07-14,2023.0,2020s,India,India,ISRO,LVM3-M4,LVM3-M4,Satish Dhawan Space Centre,,Lunar Exploration,Lunar,3900.0,Success,Decommissioned,,Liquid,0.0384,Historic soft landing at lunar south pole; first nation to do so; Vikram+Pragyan,,,ENRICHED
LVM3-M2 (Chandrayaan-3),2023-07-14,2023.0,2020s,India,IND,ISRO,LVM3,LVM3,Sriharikota,First Launch Pad,Lunar Exploration,Lunar,,Success,,,,,Successful Moon landing near south pole,ISRO-2023-LVM3-M2 (C,ISRO Historical Database,CLEANED_COMPLETE
PSLV-C56 (DS-SAR),2023-07-30,2023.0,2020s,India,IND,ISRO,PSLV,PSLV,Sriharikota,First Launch Pad,Earth Observation,SSO,,Success,,,,,Singapore SAR satellite with 6 co-passengers,ISRO-2023-PSLV-C56 (,ISRO Historical Database,CLEANED_COMPLETE
Aditya-L1,2023-09-02,2023.0,2020s,India,India,ISRO,PSLV-C57,PSLV-C57,Satish Dhawan Space Centre,,Other,Other,1480.7,Success,Active,,Solid,5.0,India's first solar observatory; studying solar corona; entered L1 Jan 2024,,,ENRICHED
PSLV-C57 (Aditya-L1),2023-09-02,2023.0,2020s,India,IND,ISRO,PSLV-XL,PSLV,Sriharikota,First Launch Pad,Other,Other,,Success,,,,,First Indian solar mission to study the Sun,ISRO-2023-PSLV-C57 (,ISRO Historical Database,CLEANED_COMPLETE
PSLV-C58 (XPoSat),2024-01-01,2024.0,2020s,India,IND,ISRO,PSLV-DL,PSLV,Sriharikota,First Launch Pad,Other,LEO,,Success,,,,,X-ray Polarimeter Satellite for studying cosmic X-rays,ISRO-2024-PSLV-C58 (,ISRO Historical Database,CLEANED_COMPLETE
GSAT-N2 (GSAT-20),2024-11-19,2024.0,2020s,India,India,ISRO,Falcon 9,Falcon,Cape Canaveral,,Communication,GTO,4700.0,Success,Active,600.0,Liquid,,High-throughput 48 Gbps; first NSIL sat on SpaceX; Ka-band,,,ENRICHED
PSLV-C59 (PROBA-3),2024-12-04,2024.0,2020s,India,IND,ISRO,PSLV-XL,PSLV,Sriharikota,First Launch Pad,Other,HEO/Elliptical,,Success,,,,,ESA mission for precise formation flying demonstration,ISRO-2024-PSLV-C59 (,ISRO Historical Database,CLEANED_COMPLETE
Proba-3,2024-12-05,2024.0,2020s,India,India,ISRO,PSLV-XL,PSLV-XL,Satish Dhawan Space Centre,,Other,HEO/Elliptical,340.0,Success,Active,200.0,Solid,2.0,ESA formation flying; artificial solar eclipse for corona study,,,ENRICHED
SPADEX-A & SPADEX-B,2024-12-30,2024.0,2020s,India,India,ISRO,PSLV,PSLV,Satish Dhawan Space Centre,,Technology/Test,LEO,400.0,Success,Active,55.0,Solid,2.0,Twin sats; autonomous rendezvous and docking validated; critical for human spaceflight,,,ENRICHED
NVS-02,2025-01-29,2025.0,2020s,India,India,ISRO,GSLV,GSLV,Satish Dhawan Space Centre,,Navigation,GTO,2232.0,Success,Active,325.0,Liquid,12.0,Second 2nd-generation NavIC satellite; expanding constellation,,,ENRICHED
LVM3-M4/NVS-02 Mission,2025-01-29,2025.0,2020s,India,IND,ISRO,LVM3,LVM3,Sriharikota,First Launch Pad,Navigation,GEO,,Success,,,,,Second generation NavIC navigation satellite,ISRO-2025-LVM3-M4/NV,ISRO Historical Database,CLEANED_COMPLETE
EOS-09,2025-05-18,2025.0,2020s,India,India,ISRO,SSLV,SSLV,Satish Dhawan Space Centre,,Earth Observation,LEO,350.0,Success,Active,50.0,Solid,,Advanced EO microsatellite; SSLV operational mission,,,ENRICHED
NISAR,2025-07-30,2025.0,2020s,India,India,ISRO,GSLV MkII,GSLV,Satish Dhawan Space Centre,,Earth Observation,SSO,2800.0,Success,Active,,Liquid,,Joint NASA-ISRO dual-frequency SAR; most expensive EO satellite,,,ENRICHED
